{
  "HTTP请求_添加" : {
    "transaction" : "HTTP请求_添加",
    "sampleCount" : 54577,
    "errorCount" : 0,
    "errorPct" : 0.0,
    "meanResTime" : 98.41506495410152,
    "medianResTime" : 157.0,
    "minResTime" : 1.0,
    "maxResTime" : 984.0,
    "pct1ResTime" : 275.0,
    "pct2ResTime" : 333.0,
    "pct3ResTime" : 456.9900000000016,
    "throughput" : 181.95911862666324,
    "receivedKBytesPerSec" : 73.84606928425092,
    "sentKBytesPerSec" : 61.79800321667428
  },
  "HTTP请求_条件查询" : {
    "transaction" : "HTTP请求_条件查询",
    "sampleCount" : 54542,
    "errorCount" : 0,
    "errorPct" : 0.0,
    "meanResTime" : 142.5176927872099,
    "medianResTime" : 237.0,
    "minResTime" : 2.0,
    "maxResTime" : 1007.0,
    "pct1ResTime" : 356.0,
    "pct2ResTime" : 421.0,
    "pct3ResTime" : 560.0,
    "throughput" : 181.99715702435216,
    "receivedKBytesPerSec" : 47954.34179115287,
    "sentKBytesPerSec" : 54.722474757955
  },
  "HTTP请求_分页查询" : {
    "transaction" : "HTTP请求_分页查询",
    "sampleCount" : 54554,
    "errorCount" : 0,
    "errorPct" : 0.0,
    "meanResTime" : 79.52566264618554,
    "medianResTime" : 141.0,
    "minResTime" : 0.0,
    "maxResTime" : 991.0,
    "pct1ResTime" : 259.0,
    "pct2ResTime" : 317.0,
    "pct3ResTime" : 450.9900000000016,
    "throughput" : 182.08155186857712,
    "receivedKBytesPerSec" : 391.0738602797609,
    "sentKBytesPerSec" : 33.09120001781465
  },
  "Total" : {
    "transaction" : "Total",
    "sampleCount" : 272683,
    "errorCount" : 0,
    "errorPct" : 0.0,
    "meanResTime" : 109.32075340230303,
    "medianResTime" : 193.0,
    "minResTime" : 0.0,
    "maxResTime" : 1042.0,
    "pct1ResTime" : 341.0,
    "pct2ResTime" : 396.0,
    "pct3ResTime" : 549.0,
    "throughput" : 908.8160990794622,
    "receivedKBytesPerSec" : 48450.85274650091,
    "sentKBytesPerSec" : 231.3897375981946
  },
  "HTTP请求_更新" : {
    "transaction" : "HTTP请求_更新",
    "sampleCount" : 54517,
    "errorCount" : 0,
    "errorPct" : 0.0,
    "meanResTime" : 117.94964873342211,
    "medianResTime" : 165.0,
    "minResTime" : 1.0,
    "maxResTime" : 953.0,
    "pct1ResTime" : 287.0,
    "pct2ResTime" : 345.0,
    "pct3ResTime" : 492.0,
    "throughput" : 181.98539229824283,
    "receivedKBytesPerSec" : 44.6175467934242,
    "sentKBytesPerSec" : 47.5147428442791
  },
  "HTTP请求_删除" : {
    "transaction" : "HTTP请求_删除",
    "sampleCount" : 54493,
    "errorCount" : 0,
    "errorPct" : 0.0,
    "meanResTime" : 108.21221074266366,
    "medianResTime" : 154.0,
    "minResTime" : 1.0,
    "maxResTime" : 1042.0,
    "pct1ResTime" : 272.0,
    "pct2ResTime" : 329.0,
    "pct3ResTime" : 460.9900000000016,
    "throughput" : 181.92228083060692,
    "receivedKBytesPerSec" : 44.600454420736796,
    "sentKBytesPerSec" : 34.5291947653068
  }
}